,Unnamed: 0.2,Unnamed: 0.1,Unnamed: 0,arch_id,n,d,gbs,lr,train_loss,val_loss,cluster,time_last_mod
0,0.0,0.0,0.0,attn,150M,1.0B,16,0.004,3.5538523197174072,3.5136759695459583,mpi,2026-06-25 20:20:13
1,1.0,1.0,1.0,attn,150M,0.5B,16,0.004,3.71113395690918,3.608795470097026,mpi,2026-06-26 22:41:32
2,2.0,2.0,2.0,attn,150M,1.0B,16,0.002,3.517502546310425,3.472357579528308,mpi,2026-06-25 20:17:15
3,3.0,3.0,3.0,attn,150M,0.5B,16,0.002,3.667566537857056,3.57700544732516,mpi,2026-06-26 22:50:30
4,4.0,4.0,4.0,attn,150M,1.0B,16,0.001,3.501255989074707,3.4563184097164967,mpi,2026-06-25 20:19:11
5,5.0,5.0,5.0,attn,150M,0.5B,16,0.001,3.668866634368897,3.5716391805742607,mpi,2026-06-26 22:49:32
6,6.0,6.0,6.0,attn,150M,1.0B,16,0.08,4.443525791168213,4.400549119417785,mpi,2026-06-02 21:14:15
7,7.0,7.0,7.0,attn,150M,1.0B,16,0.0005,3.503161907196045,3.454709038187246,mpi,2026-06-25 20:19:01
8,8.0,8.0,8.0,attn,150M,0.5B,16,0.0005,3.6779065132141113,3.580719925927334,mpi,2026-06-26 22:49:31
9,9.0,9.0,9.0,attn,150M,1.0B,16,0.00025,3.516955137252808,3.475204456047934,mpi,2026-06-25 20:18:39
10,10.0,10.0,10.0,attn,150M,0.5B,16,0.00025,3.719770908355713,3.626186104289821,mpi,2026-06-26 22:50:46
11,11.0,11.0,11.0,attn,150M,1.0B,16,0.01,3.691348075866699,3.6483231239631526,mpi,2026-06-02 22:24:35
12,12.0,12.0,12.0,attn,150M,1.0B,16,0.02,3.863379955291748,3.81360779433954,mpi,2026-06-02 22:25:16
13,13.0,13.0,13.0,attn,150M,1.0B,16,0.005,3.59460973739624,3.556435500598345,mpi,2026-06-02 21:14:13
14,14.0,14.0,14.0,attn,150M,1.0B,16,0.0025,3.546597003936768,3.5039738311142217,mpi,2026-06-02 21:14:20
15,15.0,15.0,15.0,attn,150M,1.0B,16,0.04,4.124852180480957,4.070709256656834,mpi,2026-06-02 21:14:08
16,16.0,16.0,16.0,attn,150M,1.0B,16,0.008,3.627698421478272,3.584138391838699,mpi,2026-06-25 22:38:45
17,17.0,17.0,17.0,attn,150M,0.5B,16,0.008,3.759407997131348,3.667087631538266,mpi,2026-06-26 22:41:26
18,18.0,18.0,18.0,attn,150M,1.0B,64,0.004,3.490874052047729,3.384549994217722,mpi,2026-07-01 10:24:11
19,19.0,19.0,19.0,attn,150M,7.5B,64,0.004,3.1992950439453125,3.167189949437192,mpi,2026-07-01 11:11:15
20,20.0,20.0,20.0,attn,150M,3.0B,64,0.004,3.2905497550964355,3.244008917557566,mpi,2026-07-01 10:38:41
21,21.0,21.0,21.0,attn,150M,15.0B,64,0.004,3.070856094360352,3.125401346307052,mpi,2026-06-29 02:34:55
22,22.0,22.0,22.0,attn,150M,0.5B,64,0.004,3.6476330757141113,3.5200524581106087,mpi,2026-07-01 10:19:25
23,23.0,23.0,23.0,attn,150M,1.0B,64,0.002,3.4803707599639893,3.3749317369962992,mpi,2026-07-01 10:19:13
24,24.0,24.0,24.0,attn,150M,7.5B,64,0.002,3.178091764450073,3.1487374556692025,mpi,2026-07-01 11:11:38
25,25.0,25.0,25.0,attn,150M,3.0B,64,0.002,3.2751171588897705,3.228940060264186,mpi,2026-07-01 10:38:31
26,26.0,26.0,26.0,attn,150M,15.0B,64,0.002,3.0505154132843018,3.1046323274311267,mpi,2026-06-29 02:29:54
27,27.0,27.0,27.0,attn,150M,0.5B,64,0.002,3.6429193019866943,3.522438852410568,mpi,2026-07-01 10:19:02
28,28.0,28.0,28.0,attn,150M,1.0B,64,0.001,3.4864501953125,3.387802124023437,mpi,2026-07-01 10:24:00
29,29.0,29.0,29.0,attn,150M,7.5B,64,0.001,3.161627531051636,3.14185895417866,mpi,2026-07-01 11:11:02
30,30.0,30.0,30.0,attn,150M,3.0B,64,0.001,3.272350549697876,3.227210195440995,mpi,2026-07-01 10:38:43
31,31.0,31.0,31.0,attn,150M,15.0B,64,0.001,3.0455901622772217,3.096588134765625,mpi,2026-06-29 01:30:13
32,32.0,32.0,32.0,attn,150M,0.5B,64,0.001,3.6754400730133057,3.556913275467722,mpi,2026-07-01 10:15:57
33,33.0,33.0,33.0,attn,150M,1.0B,64,0.0005,3.533583402633667,3.429522865696957,mpi,2026-07-01 10:20:03
34,34.0,34.0,34.0,attn,150M,7.5B,64,0.0005,3.174109935760498,3.1495281018708883,mpi,2026-07-01 11:11:26
35,35.0,35.0,35.0,attn,150M,3.0B,64,0.0005,3.293252229690552,3.243178919741982,mpi,2026-07-01 10:38:24
36,36.0,36.0,36.0,attn,150M,15.0B,64,0.0005,3.053628444671631,3.099942257529811,mpi,2026-06-29 01:28:01
37,37.0,37.0,37.0,attn,150M,0.5B,64,0.0005,3.756603717803955,3.6402081941303455,mpi,2026-07-01 10:18:58
38,38.0,38.0,38.0,attn,150M,1.0B,64,0.00025,3.6350951194763184,3.5237145674856087,mpi,2026-07-01 10:24:34
39,39.0,39.0,39.0,attn,150M,3.0B,64,0.00025,3.329730749130249,3.282421714381168,mpi,2026-07-01 10:39:58
40,40.0,40.0,40.0,attn,150M,15.0B,64,0.00025,3.068986177444458,3.114169070595189,mpi,2026-06-28 21:48:44
41,41.0,41.0,41.0,attn,150M,0.5B,64,0.00025,3.921548128128052,3.8081183182565774,mpi,2026-07-01 10:19:59
42,42.0,42.0,42.0,attn,150M,1.0B,64,0.008,3.5170156955718994,3.410408421566612,mpi,2026-07-01 10:24:15
43,43.0,43.0,44.0,attn,150M,3.0B,64,0.008,3.3228890895843506,3.2789005480314555,mpi,2026-07-01 10:38:32
44,44.0,44.0,45.0,attn,150M,15.0B,64,0.008,3.114608764648437,3.163650914242393,mpi,2026-06-29 06:53:06
45,45.0,45.0,46.0,attn,150M,0.5B,64,0.008,3.661918640136719,3.532461065995066,mpi,2026-07-01 10:19:24
46,46.0,46.0,47.0,attn,150M,1.0B,32,0.004,3.31363844871521,3.410998290484069,mpi,2026-06-14 12:44:04
47,47.0,47.0,48.0,attn,150M,3.0B,32,0.004,3.325716733932495,3.300185619416784,mpi,2026-06-26 01:44:28
48,48.0,48.0,49.0,attn,150M,0.5B,32,0.004,3.592810869216919,3.503135785118478,mpi,2026-06-17 10:13:07
49,49.0,49.0,50.0,attn,150M,1.0B,32,0.002,3.3086254596710205,3.402269470496256,mpi,2026-06-26 22:56:17
50,50.0,50.0,51.0,attn,150M,3.0B,32,0.002,3.2934679985046387,3.2681588313618644,mpi,2026-06-25 22:53:37
51,51.0,51.0,52.0,attn,150M,0.5B,32,0.002,3.616004943847656,3.521627769313875,mpi,2026-06-26 22:46:54
52,52.0,52.0,53.0,attn,150M,1.0B,32,0.001,3.293233871459961,3.395531193154757,mpi,2026-06-26 22:59:18
53,53.0,53.0,54.0,attn,150M,3.0B,32,0.001,3.2761449813842773,3.254274067331533,mpi,2026-06-25 22:56:07
54,54.0,54.0,55.0,attn,150M,0.5B,32,0.001,3.6163740158081055,3.526827937266866,mpi,2026-06-26 22:43:03
55,55.0,55.0,56.0,attn,150M,3.0B,32,0.08,4.162827491760254,4.151895938154127,mpi,2026-06-03 03:35:38
56,56.0,56.0,57.0,attn,150M,1.0B,32,0.0005,3.310882329940796,3.4121862442767035,mpi,2026-06-26 22:52:42
57,57.0,57.0,58.0,attn,150M,3.0B,32,0.0005,3.284724235534668,3.25754047847185,mpi,2026-06-26 01:44:56
58,58.0,58.0,59.0,attn,150M,0.5B,32,0.0005,3.656817674636841,3.564021030801241,mpi,2026-06-26 22:43:07
59,59.0,59.0,60.0,attn,150M,1.0B,32,0.00025,3.3598742485046387,3.464444718595411,mpi,2026-06-26 22:54:29
60,60.0,60.0,61.0,attn,150M,3.0B,32,0.00025,3.3028769493103027,3.277840495500408,mpi,2026-06-25 23:25:55
61,61.0,61.0,62.0,attn,150M,0.5B,32,0.00025,3.757838726043701,3.658814928961582,mpi,2026-06-26 22:43:20
62,62.0,62.0,63.0,attn,150M,3.0B,32,0.01,3.464498996734619,3.4351859733706616,mpi,2026-06-03 00:09:11
63,63.0,63.0,64.0,attn,150M,3.0B,32,0.02,3.61217999458313,3.5864255866066355,mpi,2026-06-03 00:10:05
64,64.0,64.0,65.0,attn,150M,3.0B,32,0.005,3.379331350326538,3.357555914706871,mpi,2026-06-03 00:08:38
65,65.0,65.0,66.0,attn,150M,3.0B,32,0.0025,3.3323657512664795,3.3120991769384167,mpi,2026-06-03 00:08:15
66,66.0,66.0,67.0,attn,150M,3.0B,32,0.04,3.800334453582764,3.779874661711396,mpi,2026-06-03 03:45:12
67,67.0,67.0,68.0,attn,150M,1.0B,32,0.008,3.377474308013916,3.4742584048724567,mpi,2026-06-26 22:51:36
68,68.0,68.0,69.0,attn,150M,3.0B,32,0.008,3.381859540939331,3.361024616585403,mpi,2026-06-26 02:22:01
69,69.0,69.0,70.0,attn,150M,0.5B,32,0.008,3.673276662826538,3.5718239854593747,mpi,2026-06-26 22:43:29
70,70.0,70.0,71.0,attn,50M,1.0B,16,0.004,3.592981338500977,3.5491481538678777,mpi,2026-06-25 06:35:02
71,71.0,71.0,72.0,attn,50M,0.5B,16,0.004,3.737335681915283,3.642576860990681,mpi,2026-06-25 13:02:15
72,72.0,72.0,73.0,attn,50M,1.0B,16,0.002,3.548497438430786,3.507141197704878,mpi,2026-06-25 06:34:58
73,73.0,73.0,74.0,attn,50M,0.5B,16,0.002,3.700151681900024,3.606493615322426,mpi,2026-06-25 13:02:13
74,74.0,74.0,75.0,attn,50M,1.0B,16,0.001,3.534546136856079,3.490557550993122,mpi,2026-06-25 06:35:14
75,75.0,75.0,76.0,attn,50M,0.5B,16,0.001,3.686361074447632,3.597247875713911,mpi,2026-06-25 13:08:55
76,76.0,76.0,77.0,attn,50M,1.0B,16,0.08,4.407507419586182,4.355276411869487,mpi,2026-06-01 15:57:48
77,77.0,77.0,78.0,attn,50M,0.5B,16,0.08,4.346593856811523,4.258326661782187,mpi,2026-06-03 14:47:43
78,78.0,78.0,80.0,attn,50M,0.5B,16,0.0005,3.7033112049102783,3.613069398285913,mpi,2026-06-25 13:08:39
79,79.0,79.0,81.0,attn,50M,1.0B,16,0.00025,3.574698209762573,3.5257344613309765,mpi,2026-06-25 06:35:04
80,80.0,80.0,82.0,attn,50M,0.5B,16,0.00025,3.763662576675415,3.675093750093804,mpi,2026-06-25 13:08:37
81,81.0,81.0,83.0,attn,50M,1.0B,16,0.01,3.734411001205444,3.6844250295982985,mpi,2026-06-01 15:04:03
82,82.0,82.0,84.0,attn,50M,0.5B,16,0.01,3.8002989292144775,3.710961745215244,mpi,2026-06-03 14:37:14
83,83.0,83.0,85.0,attn,50M,1.0B,16,0.02,3.881791591644287,3.836603475007855,mpi,2026-06-01 15:03:40
84,84.0,84.0,86.0,attn,50M,0.5B,16,0.02,3.9271392822265625,3.8378425519974506,mpi,2026-06-03 14:37:07
85,85.0,85.0,87.0,attn,50M,1.0B,16,0.005,3.637498378753662,3.595701983717621,mpi,2026-06-01 15:57:18
86,86.0,86.0,88.0,attn,50M,0.5B,16,0.005,3.745861768722534,3.645604640147725,mpi,2026-06-03 14:47:46
87,87.0,87.0,89.0,attn,50M,1.0B,16,0.0025,3.584958553314209,3.540590992911917,mpi,2026-06-01 15:02:46
88,88.0,88.0,90.0,attn,50M,0.5B,16,0.0025,3.697793483734131,3.606330930209552,mpi,2026-06-03 14:47:45
89,89.0,89.0,92.0,attn,50M,0.5B,16,0.04,4.148050308227539,4.0564733927367165,mpi,2026-06-03 14:47:31
90,90.0,90.0,93.0,attn,50M,1.0B,16,0.008,3.6625592708587646,3.617761946506187,mpi,2026-06-25 06:34:38
91,91.0,91.0,94.0,attn,50M,0.5B,16,0.008,3.7898178100585938,3.70154272689194,mpi,2026-06-25 13:03:20
92,92.0,92.0,95.0,attn,50M,1.0B,32,0.004,3.48504900932312,3.498373467671244,mpi,2026-06-25 13:19:17
93,93.0,93.0,96.0,attn,50M,3.0B,32,0.004,3.459800243377685,3.385422803853688,mpi,2026-06-25 10:48:11
94,94.0,94.0,97.0,attn,50M,0.5B,32,0.004,3.637395143508911,3.6019482910633087,mpi,2026-06-25 13:08:40
95,95.0,95.0,98.0,attn,50M,1.0B,32,0.002,3.4696946144104004,3.4813493756871474,mpi,2026-06-25 13:19:29
96,96.0,96.0,99.0,attn,50M,3.0B,32,0.002,3.436856508255005,3.3628452671201607,mpi,2026-06-25 10:48:37
97,97.0,97.0,101.0,attn,50M,1.0B,32,0.001,3.467017412185669,3.4792754916768325,mpi,2026-06-25 13:19:11
98,98.0,98.0,102.0,attn,50M,3.0B,32,0.001,3.4242498874664307,3.3526050354305066,mpi,2026-06-25 10:50:15
99,99.0,99.0,103.0,attn,50M,0.5B,32,0.001,3.638306140899658,3.60219419473096,mpi,2026-06-25 13:08:38
100,100.0,100.0,104.0,attn,50M,1.0B,32,0.08,3.9796817302703857,3.996108591556549,mpi,2026-06-03 15:00:08
101,101.0,101.0,105.0,attn,50M,0.5B,32,0.08,4.048772811889648,4.02372838321485,mpi,2026-06-03 15:01:31
102,102.0,102.0,106.0,attn,50M,1.0B,32,0.0005,3.4859580993652344,3.501554570699993,mpi,2026-06-25 13:19:12
103,103.0,103.0,107.0,attn,50M,3.0B,32,0.0005,3.4305758476257324,3.358918591549522,mpi,2026-06-25 10:51:11
104,104.0,104.0,108.0,attn,50M,0.5B,32,0.0005,3.677189588546753,3.648413211107254,mpi,2026-06-25 13:08:41
105,105.0,105.0,109.0,attn,50M,1.0B,32,0.00025,3.5457687377929688,3.5617505155111613,mpi,2026-06-25 13:19:09
106,106.0,106.0,110.0,attn,50M,3.0B,32,0.00025,3.453808546066284,3.383756996769654,mpi,2026-06-25 10:48:04
107,107.0,107.0,111.0,attn,50M,0.5B,32,0.00025,3.785278797149658,3.7561641680566886,mpi,2026-06-25 13:01:50
108,108.0,108.0,112.0,attn,50M,1.0B,32,0.01,3.544933557510376,3.5529948865112506,mpi,2026-06-03 14:44:28
109,109.0,109.0,113.0,attn,50M,0.5B,32,0.01,3.638789653778076,3.6090267802539615,mpi,2026-06-03 14:59:54
110,110.0,110.0,114.0,attn,50M,1.0B,32,0.02,3.6295008659362793,3.646789778220026,mpi,2026-06-03 15:02:26
111,111.0,111.0,115.0,attn,50M,0.5B,32,0.02,3.6960065364837646,3.670104122475574,mpi,2026-06-03 15:01:23
112,112.0,112.0,116.0,attn,50M,1.0B,32,0.005,3.487311363220215,3.500434359437541,mpi,2026-06-03 14:45:15
113,113.0,113.0,117.0,attn,50M,0.5B,32,0.005,3.6133313179016113,3.5815231345201792,mpi,2026-06-03 14:44:50
114,114.0,114.0,118.0,attn,50M,1.0B,32,0.0025,3.4592857360839844,3.4756360006959817,mpi,2026-06-03 14:44:40
115,115.0,115.0,119.0,attn,50M,0.5B,32,0.0025,3.602062940597534,3.573485772860677,mpi,2026-06-03 15:02:11
116,116.0,116.0,120.0,attn,50M,1.0B,32,0.04,3.86158299446106,3.874654427955025,mpi,2026-06-03 14:45:00
117,117.0,117.0,121.0,attn,50M,0.5B,32,0.04,3.894294261932373,3.866476396196767,mpi,2026-06-03 15:01:30
118,118.0,118.0,122.0,attn,50M,1.0B,32,0.008,3.5363805294036865,3.551654412558204,mpi,2026-06-25 13:19:23
119,119.0,119.0,123.0,attn,50M,3.0B,32,0.008,3.5184662342071533,3.4430443377871263,mpi,2026-06-25 10:48:56
120,120.0,120.0,124.0,attn,50M,0.5B,32,0.008,3.676169395446777,3.646123272807975,mpi,2026-06-25 13:08:45
121,121.0,121.0,125.0,attn,20M,1.0B,16,0.004,3.788015127182007,3.7450337957163327,mpi,2026-06-25 05:57:06
122,122.0,122.0,126.0,attn,20M,0.5B,16,0.004,3.90657114982605,3.815163354404637,mpi,2026-06-25 13:01:39
123,123.0,123.0,127.0,attn,20M,1.0B,16,0.002,3.764760971069336,3.7178179178081576,mpi,2026-06-25 06:21:48
124,124.0,124.0,128.0,attn,20M,0.5B,16,0.002,3.8897573947906494,3.795532998882356,mpi,2026-06-25 13:01:41
125,125.0,125.0,129.0,attn,20M,1.0B,16,0.001,3.757922649383545,3.711088852804216,mpi,2026-06-25 06:21:27
126,126.0,126.0,131.0,attn,20M,1.0B,16,0.08,4.37779426574707,4.3336914586239175,mpi,2026-06-01 11:10:09
127,127.0,127.0,132.0,attn,20M,0.5B,16,0.08,4.427982330322266,4.337743624702829,mpi,2026-06-03 13:43:36
128,128.0,128.0,133.0,attn,20M,1.0B,16,0.0005,3.776963233947754,3.724939546428743,mpi,2026-06-25 05:57:15
129,129.0,129.0,134.0,attn,20M,0.5B,16,0.0005,3.9162986278533936,3.827045852629865,mpi,2026-06-25 13:01:34
130,130.0,130.0,135.0,attn,20M,1.0B,16,0.00025,3.814518451690674,3.7620819091796873,mpi,2026-06-25 05:56:57
131,131.0,131.0,136.0,attn,20M,0.5B,16,0.00025,3.98178505897522,3.895341236864934,mpi,2026-06-25 13:00:14
132,132.0,132.0,137.0,attn,20M,1.0B,16,0.01,3.8954577445983887,3.8385113426896393,mpi,2026-06-01 11:10:24
133,133.0,133.0,138.0,attn,20M,0.5B,16,0.01,3.949082851409912,3.861886355916008,mpi,2026-06-03 13:38:52
134,134.0,134.0,139.0,attn,20M,0.5B,16,0.02,4.056693077087402,3.9604213253396456,mpi,2026-06-03 13:38:13
135,135.0,135.0,140.0,attn,20M,1.0B,16,0.02,4.010327339172363,3.954373592626853,mpi,2026-06-01 11:10:25
136,136.0,136.0,141.0,attn,20M,1.0B,16,0.005,3.823610782623291,3.7770884834352088,mpi,2026-06-01 10:41:49
137,137.0,137.0,142.0,attn,20M,0.5B,16,0.005,3.901236772537232,3.813432306539817,mpi,2026-06-03 13:43:48
138,138.0,138.0,143.0,attn,20M,1.0B,16,0.0025,3.790163278579712,3.742248404612307,mpi,2026-06-01 11:10:47
139,139.0,139.0,144.0,attn,20M,0.5B,16,0.0025,3.8811464309692383,3.7931044054813072,mpi,2026-06-03 13:44:14
140,140.0,140.0,145.0,attn,20M,1.0B,16,0.04,4.194573879241943,4.152951579797463,mpi,2026-06-01 10:42:41
141,141.0,141.0,146.0,attn,20M,0.5B,16,0.04,4.231667995452881,4.1436467358323394,mpi,2026-06-03 13:38:02
142,142.0,142.0,147.0,attn,20M,1.0B,16,0.008,3.8401191234588623,3.789126192937132,mpi,2026-06-25 05:59:45
143,143.0,143.0,148.0,attn,20M,0.5B,16,0.008,3.941746234893799,3.859900990470511,mpi,2026-06-25 13:02:51
144,144.0,144.0,149.0,attn,20M,15.0B,64,0.004,3.5628790855407715,3.5354746658551064,mpi,2026-06-23 12:28:44
145,145.0,145.0,150.0,attn,20M,1.0B,32,0.004,3.703392505645752,3.70852278251397,mpi,2026-06-25 13:02:10
146,146.0,146.0,151.0,attn,20M,3.0B,32,0.004,3.6971514225006095,3.625062092354423,mpi,2026-06-25 07:14:22
147,147.0,147.0,152.0,attn,20M,0.5B,32,0.004,3.815707206726074,3.789029828811947,mpi,2026-06-25 12:56:57
148,148.0,148.0,153.0,attn,20M,1.0B,32,0.002,3.69256854057312,3.7012794378556704,mpi,2026-06-25 13:02:20
149,149.0,149.0,154.0,attn,20M,3.0B,32,0.002,3.684324979782105,3.612834441034417,mpi,2026-06-25 07:15:45
150,150.0,150.0,155.0,attn,20M,0.5B,32,0.002,3.8186347484588623,3.790030783728549,mpi,2026-06-25 12:58:52
151,151.0,151.0,156.0,attn,20M,1.0B,32,0.001,3.702818155288696,3.7099973261356354,mpi,2026-06-25 13:07:23
152,152.0,152.0,157.0,attn,20M,3.0B,32,0.001,3.677457571029663,3.611445144603127,mpi,2026-06-25 07:15:57
153,153.0,153.0,159.0,attn,20M,1.0B,32,0.08,4.115326881408691,4.129880803196054,mpi,2026-06-03 14:35:08
154,154.0,154.0,160.0,attn,20M,3.0B,32,0.08,4.224672794342041,4.166872021399047,mpi,2026-06-02 17:16:36
155,155.0,155.0,161.0,attn,20M,0.5B,32,0.08,4.119917392730713,4.098321524105574,mpi,2026-06-03 13:52:29
156,156.0,156.0,162.0,attn,20M,1.0B,32,0.0005,3.729239463806152,3.737484459814272,mpi,2026-06-25 13:07:26
157,157.0,157.0,163.0,attn,20M,3.0B,32,0.0005,3.691483736038208,3.62227117858435,mpi,2026-06-25 07:14:46
158,158.0,158.0,164.0,attn,20M,0.5B,32,0.0005,3.895050287246704,3.8662544849671816,mpi,2026-06-25 13:01:38
159,159.0,159.0,165.0,attn,20M,1.0B,32,0.00025,3.794143676757813,3.803176246191326,mpi,2026-06-25 13:07:12
160,160.0,160.0,166.0,attn,20M,3.0B,32,0.00025,3.712975263595581,3.650076317159753,mpi,2026-06-25 07:11:51
161,161.0,161.0,167.0,attn,20M,0.5B,32,0.00025,4.027510643005371,3.991557005204653,mpi,2026-06-25 13:01:52
162,162.0,162.0,168.0,attn,20M,1.0B,32,0.01,3.723189115524292,3.735234985226079,mpi,2026-06-03 14:35:07
163,163.0,163.0,169.0,attn,20M,3.0B,32,0.01,3.773600816726685,3.706944944042908,mpi,2026-06-02 17:34:13
164,164.0,164.0,170.0,attn,20M,0.5B,32,0.01,3.8120522499084473,3.780038402268761,mpi,2026-06-03 13:43:17
165,165.0,165.0,172.0,attn,20M,3.0B,32,0.02,3.84702730178833,3.781725761137511,mpi,2026-06-02 17:17:04
166,166.0,166.0,173.0,attn,20M,0.5B,32,0.02,3.847834825515747,3.823746587100782,mpi,2026-06-03 13:52:58
167,167.0,167.0,174.0,attn,20M,1.0B,32,0.005,3.698917865753174,3.7057805469161584,mpi,2026-06-03 14:42:26
168,168.0,168.0,175.0,attn,20M,3.0B,32,0.005,3.731950521469116,3.6633345970982,mpi,2026-06-02 17:16:11
169,169.0,169.0,176.0,attn,20M,0.5B,32,0.005,3.7977333068847656,3.768752520021639,mpi,2026-06-03 13:52:00
170,170.0,170.0,177.0,attn,20M,1.0B,32,0.0025,3.686024427413941,3.69549054691666,mpi,2026-06-03 14:44:35
171,171.0,171.0,178.0,attn,20M,3.0B,32,0.0025,3.7097675800323486,3.638440757989883,mpi,2026-06-02 17:35:02
172,172.0,172.0,179.0,attn,20M,0.5B,32,0.0025,3.800039291381836,3.774894987282,mpi,2026-06-03 13:42:48
173,173.0,173.0,180.0,attn,20M,1.0B,32,0.04,3.910410404205322,3.924124545172641,mpi,2026-06-03 14:35:35
174,174.0,174.0,181.0,attn,20M,3.0B,32,0.04,4.024252891540527,3.9602548244752382,mpi,2026-06-02 17:17:28
175,175.0,175.0,183.0,attn,20M,1.0B,32,0.008,3.7263071537017822,3.736111052726444,mpi,2026-06-25 13:07:34
176,176.0,176.0,184.0,attn,20M,3.0B,32,0.008,3.722228765487671,3.6539706979927264,mpi,2026-06-25 07:15:22
177,177.0,177.0,185.0,attn,20M,0.5B,32,0.008,3.8412625789642334,3.812551697618083,mpi,2026-06-25 12:57:53
178,178.0,178.0,186.0,attn,300M,1.0B,16,0.004,3.451096534729004,3.4082109083894823,mpi,2026-06-26 00:25:45
179,179.0,179.0,187.0,attn,300M,0.5B,16,0.004,3.603734016418457,3.507318183242297,mpi,2026-06-26 22:53:20
180,180.0,180.0,188.0,attn,300M,1.0B,16,0.002,3.394486904144287,3.3516500613728506,mpi,2026-06-25 21:32:20
181,181.0,181.0,189.0,attn,300M,0.5B,16,0.002,3.5666275024414062,3.463113099238912,mpi,2026-06-26 22:54:40
182,182.0,182.0,190.0,attn,300M,1.0B,16,0.001,3.368307113647461,3.3248699407108493,mpi,2026-06-26 00:26:07
183,183.0,183.0,191.0,attn,300M,0.5B,16,0.001,3.5400309562683105,3.4483452163758823,mpi,2026-06-26 22:53:38
184,184.0,184.0,192.0,attn,300M,1.0B,16,0.0005,3.359365463256836,3.3176031495704024,mpi,2026-06-25 21:32:06
185,185.0,185.0,193.0,attn,300M,0.5B,16,0.0005,3.554847240447998,3.456259087265515,mpi,2026-06-26 22:56:12
186,186.0,186.0,194.0,attn,300M,1.0B,16,0.00025,3.372018814086914,3.328616788739064,mpi,2026-06-25 21:30:37
187,187.0,187.0,195.0,attn,300M,0.5B,16,0.00025,3.581016778945923,3.489813572461488,mpi,2026-06-26 23:11:00
188,188.0,188.0,196.0,attn,300M,1.0B,16,0.008,3.540609836578369,3.4974525905046305,mpi,2026-06-26 00:28:05
189,189.0,189.0,197.0,attn,300M,0.5B,16,0.008,3.681957483291626,3.58685369100727,mpi,2026-06-26 23:01:38
190,190.0,190.0,198.0,attn,300M,1.0B,32,0.004,3.2146425247192383,3.310166473857692,mpi,2026-06-26 23:44:01
191,191.0,191.0,199.0,attn,300M,3.0B,32,0.004,3.1983022689819336,3.1735150524827302,mpi,2026-06-26 06:08:21
192,192.0,192.0,200.0,attn,300M,0.5B,32,0.004,3.521850347518921,3.426576578421671,mpi,2026-06-26 23:15:16
193,193.0,193.0,201.0,attn,300M,1.0B,32,0.002,3.172691345214844,3.2786140199567453,mpi,2026-06-26 23:42:51
194,194.0,194.0,202.0,attn,300M,3.0B,32,0.002,3.152693271636963,3.128988033826234,mpi,2026-06-26 06:03:10
195,195.0,195.0,203.0,attn,300M,0.5B,32,0.002,3.5001962184906006,3.4084304520341218,mpi,2026-06-26 23:14:43
196,196.0,196.0,204.0,attn,300M,1.0B,32,0.001,3.1614675521850586,3.2674076627512445,mpi,2026-06-26 23:10:16
197,197.0,197.0,205.0,attn,300M,3.0B,32,0.001,3.1288132667541504,3.1030400917178294,mpi,2026-06-26 11:09:32
198,198.0,198.0,206.0,attn,300M,0.5B,32,0.001,3.504995107650757,3.4103588393477144,mpi,2026-06-26 22:54:15
199,199.0,199.0,207.0,attn,300M,1.0B,32,0.0005,3.166938781738281,3.270982245929906,mpi,2026-06-14 12:45:01
200,200.0,200.0,208.0,attn,300M,3.0B,32,0.0005,3.116701602935791,3.093954569394471,mpi,2026-06-26 06:06:04
201,201.0,201.0,209.0,attn,300M,0.5B,32,0.0005,3.537789821624756,3.4455104335409694,mpi,2026-06-14 12:45:57
202,202.0,202.0,210.0,attn,300M,1.0B,32,0.00025,3.212033271789551,3.314526737713423,mpi,2026-06-26 23:13:15
203,203.0,203.0,211.0,attn,300M,3.0B,32,0.00025,3.1308135986328125,3.1103426300111363,mpi,2026-06-26 02:51:35
204,204.0,204.0,212.0,attn,300M,0.5B,32,0.00025,3.5953800678253174,3.506309835246352,mpi,2026-06-26 22:58:46
205,205.0,205.0,213.0,attn,300M,1.0B,32,0.008,3.2733821868896484,3.375509102618108,mpi,2026-06-26 23:08:51
206,206.0,206.0,214.0,attn,300M,3.0B,32,0.008,3.276949167251587,3.2581700919104404,mpi,2026-06-26 06:06:17
207,207.0,207.0,215.0,attn,300M,0.5B,32,0.008,3.575018405914306,3.477590982249526,mpi,2026-06-26 22:56:39
208,208.0,208.0,216.0,gdn,150M,1.0B,16,0.004,3.5596764087677,3.523177577628464,mpi,2026-06-25 23:25:20
209,209.0,209.0,217.0,gdn,150M,0.5B,16,0.004,3.7225513458251953,3.6223046732730553,mpi,2026-06-26 22:57:31
210,210.0,210.0,218.0,gdn,150M,1.0B,16,0.002,3.529558658599853,3.4875470536654114,mpi,2026-06-25 21:20:52
211,211.0,211.0,219.0,gdn,150M,0.5B,16,0.002,3.696662664413452,3.5955322578305102,mpi,2026-06-26 22:59:01
212,212.0,212.0,220.0,gdn,150M,1.0B,16,0.001,3.510087251663208,3.4702163704106064,mpi,2026-06-25 23:25:45
213,213.0,213.0,221.0,gdn,150M,0.5B,16,0.001,3.6891682147979736,3.5855898904018715,mpi,2026-06-26 22:58:55
214,214.0,214.0,222.0,gdn,150M,1.0B,16,0.0005,3.519150495529175,3.483314869052074,mpi,2026-06-25 22:47:05
215,215.0,215.0,223.0,gdn,150M,0.5B,16,0.0005,3.727363109588623,3.6167171853487607,mpi,2026-06-26 22:55:05
216,216.0,216.0,224.0,gdn,150M,1.0B,16,0.00025,3.5629565715789795,3.5221044360614213,mpi,2026-06-25 21:16:29
217,217.0,217.0,225.0,gdn,150M,0.5B,16,0.00025,3.781651735305786,3.684092071408131,mpi,2026-06-26 22:50:45
218,218.0,218.0,226.0,gdn,150M,1.0B,16,0.008,3.628645658493042,3.5930636054179708,mpi,2026-06-25 22:27:28
219,219.0,219.0,227.0,gdn,150M,1.0B,32,0.004,3.341626167297364,3.4323110158326195,mpi,2026-06-26 23:01:37
220,220.0,220.0,228.0,gdn,150M,3.0B,32,0.004,3.325554609298706,3.312699432060367,mpi,2026-06-26 01:12:11
221,221.0,221.0,229.0,gdn,150M,0.5B,32,0.004,3.6449668407440186,3.539935717035513,mpi,2026-06-26 22:59:52
222,222.0,222.0,230.0,gdn,150M,1.0B,32,0.002,3.317064046859741,3.411817137921443,mpi,2026-06-26 23:03:01
223,223.0,223.0,231.0,gdn,150M,3.0B,32,0.002,3.296892166137696,3.2825662409672973,mpi,2026-06-26 04:03:45
224,224.0,224.0,232.0,gdn,150M,0.5B,32,0.002,3.628296136856079,3.5322519990264394,mpi,2026-06-26 22:52:37
225,225.0,225.0,233.0,gdn,150M,1.0B,32,0.001,3.328168630599976,3.4167091713577022,mpi,2026-06-26 22:58:16
226,226.0,226.0,234.0,gdn,150M,3.0B,32,0.001,3.290789127349853,3.275582966257314,mpi,2026-06-26 01:59:54
227,227.0,227.0,235.0,gdn,150M,0.5B,32,0.001,3.657503128051758,3.552174048345597,mpi,2026-06-26 22:50:57
228,228.0,228.0,236.0,gdn,150M,1.0B,32,0.0005,3.35654878616333,3.448746445921601,mpi,2026-06-26 23:10:28
229,229.0,229.0,237.0,gdn,150M,3.0B,32,0.0005,3.301393747329712,3.2873529442021105,mpi,2026-06-26 01:53:09
230,230.0,230.0,238.0,gdn,150M,0.5B,32,0.0005,3.7116000652313232,3.610579045092473,mpi,2026-06-26 22:54:37
231,231.0,231.0,239.0,gdn,150M,1.0B,32,0.00025,3.42674207687378,3.516414045114986,mpi,2026-06-26 23:03:58
232,232.0,232.0,240.0,gdn,150M,3.0B,32,0.00025,3.32292103767395,3.313342142886803,mpi,2026-06-26 01:48:58
233,233.0,233.0,241.0,gdn,150M,0.5B,32,0.00025,3.8930094242095934,3.795063802844188,mpi,2026-06-17 11:28:59
234,234.0,234.0,242.0,gdn,150M,1.0B,32,0.008,3.376208066940308,3.470920342304668,mpi,2026-06-26 23:11:18
235,235.0,235.0,243.0,gdn,150M,3.0B,32,0.008,3.3777074813842773,3.3669006081878163,mpi,2026-06-26 01:14:14
236,236.0,236.0,244.0,gdn,150M,0.5B,32,0.008,3.675677299499512,3.5695343572585307,mpi,2026-06-26 22:58:00
237,237.0,237.0,245.0,gdn,50M,1.0B,16,0.004,3.603917598724365,3.56595069932156,mpi,2026-06-25 07:11:23
238,238.0,238.0,246.0,gdn,50M,0.5B,16,0.004,3.746588468551636,3.657703379333997,mpi,2026-06-25 13:17:23
239,239.0,239.0,247.0,gdn,50M,1.0B,16,0.002,3.56359338760376,3.5302996768326054,mpi,2026-06-25 07:11:11
240,240.0,240.0,248.0,gdn,50M,0.5B,16,0.002,3.725497722625733,3.632594000706907,mpi,2026-06-25 13:16:36
241,241.0,241.0,249.0,gdn,50M,1.0B,16,0.001,3.563957929611206,3.5268736026326164,mpi,2026-06-25 07:11:17
242,242.0,242.0,250.0,gdn,50M,0.5B,16,0.001,3.733935594558716,3.638934176867125,mpi,2026-06-25 13:17:22
243,243.0,243.0,251.0,gdn,50M,1.0B,16,0.0005,3.5762829780578613,3.5381596096226424,mpi,2026-06-25 06:38:53
244,244.0,244.0,252.0,gdn,50M,0.5B,16,0.0005,3.759971618652344,3.668048269240584,mpi,2026-06-25 13:17:17
245,245.0,245.0,253.0,gdn,50M,1.0B,16,0.00025,3.619257926940918,3.5835413276172075,mpi,2026-06-25 07:11:27
246,246.0,246.0,254.0,gdn,50M,0.5B,16,0.00025,3.856003046035767,3.75658643284782,mpi,2026-06-25 13:11:35
247,247.0,247.0,255.0,gdn,50M,1.0B,16,0.008,3.6703617572784415,3.631802887994735,mpi,2026-06-25 07:11:14
248,248.0,248.0,256.0,gdn,50M,0.5B,16,0.008,3.8157379627227774,3.7194645365730654,mpi,2026-06-25 13:17:19
249,249.0,249.0,257.0,gdn,50M,0.5B,32,0.004,3.681361436843872,3.6405891085925854,mpi,2026-06-25 13:11:43
250,250.0,250.0,258.0,gdn,50M,3.0B,32,0.004,3.48553204536438,3.421074355903425,mpi,2026-06-25 08:29:12
251,251.0,251.0,259.0,gdn,50M,1.0B,32,0.004,3.518906831741333,3.536040466082724,mpi,2026-06-25 13:16:16
252,252.0,252.0,260.0,gdn,50M,1.0B,32,0.002,3.509629726409912,3.526977151632309,mpi,2026-06-25 13:17:33
253,253.0,253.0,261.0,gdn,50M,3.0B,32,0.002,3.4685378074646,3.4019264327852348,mpi,2026-06-25 08:29:39
254,254.0,254.0,262.0,gdn,50M,0.5B,32,0.002,3.6822025775909424,3.6437233341367614,mpi,2026-06-25 13:14:49
255,255.0,255.0,263.0,gdn,50M,1.0B,32,0.001,3.518312692642212,3.531419012107347,mpi,2026-06-25 13:24:29
256,256.0,256.0,264.0,gdn,50M,3.0B,32,0.001,3.467417001724243,3.3986264090789,mpi,2026-06-25 10:06:05
257,257.0,257.0,265.0,gdn,50M,0.5B,32,0.001,3.7063841819763184,3.663333012869483,mpi,2026-06-25 13:16:09
258,258.0,258.0,266.0,gdn,50M,0.5B,32,0.0005,3.767601728439331,3.7339210933760594,mpi,2026-06-25 13:16:01
259,259.0,259.0,267.0,gdn,50M,3.0B,32,0.0005,3.4749233722686768,3.410819547741037,mpi,2026-06-25 10:00:47
260,260.0,260.0,268.0,gdn,50M,1.0B,32,0.0005,3.551308870315552,3.5661202763256274,mpi,2026-06-25 13:24:15
261,261.0,261.0,269.0,gdn,50M,1.0B,32,0.00025,3.633768081665039,3.6464102111364665,mpi,2026-06-25 13:24:45
262,262.0,262.0,270.0,gdn,50M,3.0B,32,0.00025,3.5075552463531494,3.441605527150004,mpi,2026-06-25 09:50:23
263,263.0,263.0,271.0,gdn,50M,0.5B,32,0.00025,3.923320055007935,3.8832351863384247,mpi,2026-06-25 13:16:02
264,264.0,264.0,272.0,gdn,50M,1.0B,32,0.008,3.5562307834625244,3.574270568395916,mpi,2026-06-25 13:16:13
265,265.0,265.0,273.0,gdn,50M,3.0B,32,0.008,3.531480550765991,3.463170622524462,mpi,2026-06-25 08:29:29
266,266.0,266.0,275.0,gdn,20M,1.0B,16,0.004,3.8048906326293945,3.7635367221519593,mpi,2026-06-25 06:34:39
267,267.0,267.0,276.0,gdn,20M,0.5B,16,0.004,3.936877012252808,3.840777415916568,mpi,2026-06-25 13:10:38
268,268.0,268.0,277.0,gdn,20M,1.0B,16,0.002,3.787472486495972,3.746452294021356,mpi,2026-06-25 06:34:50
269,269.0,269.0,278.0,gdn,20M,0.5B,16,0.002,3.9233558177948,3.82891704059038,mpi,2026-06-25 13:10:37
270,270.0,270.0,279.0,gdn,20M,1.0B,16,0.001,3.782851457595825,3.746990382085081,mpi,2026-06-25 06:34:53
271,271.0,271.0,280.0,gdn,20M,0.5B,16,0.001,3.931538343429565,3.834669496974007,mpi,2026-06-25 13:10:35
272,272.0,272.0,281.0,gdn,20M,1.0B,16,0.0005,3.812188386917114,3.769174822822946,mpi,2026-06-25 06:35:18
273,273.0,273.0,282.0,gdn,20M,0.5B,16,0.0005,3.9708776473999023,3.876907933344607,mpi,2026-06-25 13:13:28
274,274.0,274.0,283.0,gdn,20M,1.0B,16,0.00025,3.8482820987701416,3.809510793842253,mpi,2026-06-25 06:34:47
275,275.0,275.0,284.0,gdn,20M,0.5B,16,0.00025,4.050987243652344,3.959552354499942,mpi,2026-06-25 13:12:28
276,276.0,276.0,285.0,gdn,20M,1.0B,16,0.008,3.835076570510864,3.7987747958449054,mpi,2026-06-25 06:35:15
277,277.0,277.0,286.0,gdn,20M,0.5B,16,0.008,3.9707517623901367,3.8782411121931233,mpi,2026-06-25 13:10:28
278,278.0,278.0,287.0,gdn,20M,1.0B,32,0.004,3.741896867752075,3.750516718939731,mpi,2026-06-25 13:11:42
279,279.0,279.0,288.0,gdn,20M,3.0B,32,0.004,3.7160685062408447,3.65498475181429,mpi,2026-06-25 08:12:42
280,280.0,280.0,289.0,gdn,20M,0.5B,32,0.004,3.8735482692718506,3.835253058295501,mpi,2026-06-25 13:12:14
281,281.0,281.0,290.0,gdn,20M,1.0B,32,0.002,3.730743646621704,3.744986330208025,mpi,2026-06-25 13:18:10
282,282.0,282.0,291.0,gdn,20M,3.0B,32,0.002,3.714532136917114,3.64897326419228,mpi,2026-06-25 07:07:02
283,283.0,283.0,292.0,gdn,20M,0.5B,32,0.002,3.870197772979736,3.837633543892911,mpi,2026-06-25 13:12:15
284,284.0,284.0,293.0,gdn,20M,1.0B,32,0.001,3.7489309310913086,3.756500592357234,mpi,2026-06-25 13:17:58
285,285.0,285.0,294.0,gdn,20M,3.0B,32,0.001,3.713404655456543,3.650839233084729,mpi,2026-06-25 07:13:31
286,286.0,286.0,295.0,gdn,20M,0.5B,32,0.001,3.908238410949707,3.8723269183384734,mpi,2026-06-25 13:08:36
287,287.0,287.0,296.0,gdn,20M,1.0B,32,0.0005,3.7817885875701904,3.792386064403936,mpi,2026-06-25 13:11:53
288,288.0,288.0,297.0,gdn,20M,3.0B,32,0.0005,3.734619379043579,3.666155252017473,mpi,2026-06-25 07:12:54
289,289.0,289.0,298.0,gdn,20M,0.5B,32,0.0005,3.978336334228516,3.940440046159845,mpi,2026-06-25 13:08:06
290,290.0,290.0,299.0,gdn,20M,1.0B,32,0.00025,3.850850105285645,3.861737230890676,mpi,2026-06-25 13:12:17
291,291.0,291.0,300.0,gdn,20M,3.0B,32,0.00025,3.754230260848999,3.693802579453117,mpi,2026-06-25 08:12:44
292,292.0,292.0,301.0,gdn,20M,0.5B,32,0.00025,4.1314215660095215,4.093120302024641,mpi,2026-06-25 13:08:48
293,293.0,293.0,302.0,gdn,20M,1.0B,32,0.008,3.747519254684448,3.757248103618622,mpi,2026-06-25 13:12:27
294,294.0,294.0,303.0,gdn,20M,3.0B,32,0.008,3.736451625823975,3.672235154791882,mpi,2026-06-25 08:12:05
295,295.0,295.0,304.0,gdn,20M,0.5B,32,0.008,3.8650131225585938,3.8365376105434015,mpi,2026-06-25 13:08:35
296,296.0,296.0,305.0,gdn,300M,1.0B,16,0.004,3.449028968811035,3.407316241498853,mpi,2026-06-25 23:50:58
297,297.0,297.0,306.0,gdn,300M,0.5B,16,0.004,3.612394332885742,3.50784089213512,mpi,2026-06-26 23:15:04
298,298.0,298.0,307.0,gdn,300M,1.0B,16,0.002,3.3948862552642822,3.3572828308480687,mpi,2026-06-25 21:24:28
299,299.0,299.0,308.0,gdn,300M,0.5B,16,0.002,3.5738120079040527,3.473680216367128,mpi,2026-06-26 23:05:06
300,300.0,300.0,309.0,gdn,300M,1.0B,16,0.001,3.377428770065308,3.3379527084162977,mpi,2026-06-25 23:47:54
301,301.0,301.0,310.0,gdn,300M,0.5B,16,0.001,3.5756776332855225,3.4673640446584733,mpi,2026-06-26 23:03:48
302,302.0,302.0,311.0,gdn,300M,1.0B,16,0.0005,3.372041702270508,3.3329605172892087,mpi,2026-06-25 23:51:07
303,303.0,303.0,312.0,gdn,300M,0.5B,16,0.0005,3.5742578506469727,3.4647033011327024,mpi,2026-06-22 02:36:20
304,304.0,304.0,313.0,gdn,300M,1.0B,16,0.00025,3.388791561126709,3.355767195342017,mpi,2026-06-25 23:38:21
305,305.0,305.0,314.0,gdn,300M,0.5B,16,0.00025,3.617096424102783,3.520492359849273,mpi,2026-06-22 02:36:27
306,306.0,306.0,315.0,gdn,300M,1.0B,16,0.008,3.5493814945220947,3.505917781298278,mpi,2026-06-25 23:51:28
307,307.0,307.0,316.0,gdn,300M,0.5B,16,0.008,3.6948976516723633,3.5902854075197315,mpi,2026-06-26 23:14:13
308,308.0,308.0,317.0,gdn,300M,1.0B,32,0.004,3.2115161418914795,3.3016152084850874,mpi,2026-06-26 23:42:00
309,309.0,309.0,318.0,gdn,300M,3.0B,32,0.004,3.1877341270446777,3.171966104820126,mpi,2026-06-26 10:58:23
310,310.0,310.0,319.0,gdn,300M,0.5B,32,0.004,3.530578136444092,3.422423577699505,mpi,2026-06-26 23:16:02
311,311.0,311.0,320.0,gdn,300M,1.0B,32,0.002,3.178300380706787,3.280202724894539,mpi,2026-06-26 23:40:05
312,312.0,312.0,321.0,gdn,300M,3.0B,32,0.002,3.142749309539795,3.1324427589041286,mpi,2026-06-26 11:02:22
313,313.0,313.0,322.0,gdn,300M,0.5B,32,0.002,3.492342710494995,3.3959937080008085,mpi,2026-06-22 02:32:13
314,314.0,314.0,323.0,gdn,300M,1.0B,32,0.001,3.166698455810547,3.266244529505245,mpi,2026-06-22 02:30:25
315,315.0,315.0,324.0,gdn,300M,3.0B,32,0.001,3.1341068744659424,3.116582998682241,mpi,2026-06-26 08:55:22
316,316.0,316.0,325.0,gdn,300M,0.5B,32,0.001,3.524040937423706,3.420770683444914,mpi,2026-06-26 23:05:45
317,317.0,317.0,326.0,gdn,300M,1.0B,32,0.0005,3.187387228012085,3.291607788742566,mpi,2026-06-26 23:19:45
318,318.0,318.0,327.0,gdn,300M,3.0B,32,0.0005,3.134793281555176,3.1161818465248485,mpi,2026-06-26 10:52:03
319,319.0,319.0,328.0,gdn,300M,0.5B,32,0.0005,3.5534708499908447,3.456516616852557,mpi,2026-06-26 23:14:45
320,320.0,320.0,329.0,gdn,300M,1.0B,32,0.00025,3.2495205402374268,3.3431043015151727,mpi,2026-06-26 23:39:43
321,321.0,321.0,330.0,gdn,300M,3.0B,32,0.00025,3.1532530784606934,3.1344850587063147,mpi,2026-06-26 02:05:28
322,322.0,322.0,331.0,gdn,300M,0.5B,32,0.00025,3.647961854934693,3.553457351590766,mpi,2026-06-26 23:15:05
323,323.0,323.0,333.0,gdn,300M,3.0B,32,0.008,3.263575553894043,3.2497449570014827,mpi,2026-06-26 11:02:01
324,324.0,324.0,334.0,gdn,300M,0.5B,32,0.008,3.56731390953064,3.462975904589794,mpi,2026-06-26 23:13:09
325,325.0,364.0,,attn,150M,7.5B,64,0.00025,3.20168137550354,3.1712463780453333,mpi,2026-07-01 11:14:41
326,,,,gdn,20M,0.5B,64,0.00025,4.455114364624023,4.422919354940715,tud,2026-06-27 02:05:14
327,,,,gdn,20M,1.0B,64,0.00025,3.971289873123169,3.9823759323672245,tud,2026-06-27 02:08:59
328,,,,gdn,20M,15.0B,64,0.00025,3.6015074253082275,3.585515779884238,tud,2026-06-26 05:46:53
329,,,,gdn,20M,7.5B,64,0.00025,3.545116901397705,3.628841608762741,tud,2026-06-27 02:59:09
330,,,,gdn,20M,3.0B,64,0.00025,3.785158634185791,3.724516681934658,tud,2026-06-27 02:24:08
331,,,,gdn,20M,0.5B,64,0.0005,4.108092308044434,4.087754128794921,tud,2026-06-27 02:06:46
332,,,,gdn,20M,1.0B,64,0.0005,3.832211494445801,3.840375418725767,tud,2026-06-27 02:11:09
333,,,,gdn,20M,15.0B,64,0.0005,3.592970371246338,3.571174171410109,tud,2026-06-26 05:48:23
334,,,,gdn,20M,7.5B,64,0.0005,3.5233399868011475,3.6061357087210606,tud,2026-06-27 02:59:06
335,,,,gdn,20M,3.0B,64,0.0005,3.740333080291748,3.675656613550688,tud,2026-06-27 02:26:01
336,,,,gdn,20M,0.5B,64,0.008,3.8549206256866455,3.838447241406692,tud,2026-06-27 02:09:25
337,,,,gdn,20M,1.0B,64,0.008,3.7324609756469727,3.7437288776824347,tud,2026-06-27 02:13:24
338,,,,gdn,20M,15.0B,64,0.008,3.5903265476226807,3.57315457808344,tud,2026-06-26 05:48:22
339,,,,gdn,20M,7.5B,64,0.008,3.5177485942840576,3.6020241615019346,tud,2026-06-27 03:02:39
340,,,,gdn,20M,3.0B,64,0.008,3.712099313735962,3.651162566323029,tud,2026-06-27 02:28:11
341,,,,gdn,20M,0.5B,64,0.002,3.9007933139801025,3.878835999651959,tud,2026-06-27 02:06:57
342,,,,gdn,20M,1.0B,64,0.002,3.7390685081481934,3.7502301382391074,tud,2026-06-27 02:11:15
343,,,,gdn,20M,15.0B,64,0.002,3.5731053352355957,3.5557783198984048,tud,2026-06-26 05:48:26
344,,,,gdn,20M,7.5B,64,0.002,3.495144844055176,3.5848093142634943,tud,2026-06-27 03:00:27
345,,,,gdn,20M,3.0B,64,0.002,3.7063660621643066,3.640914902875298,tud,2026-06-27 02:26:28
346,,,,gdn,20M,0.5B,64,0.001,3.9671213626861572,3.9436715935405933,tud,2026-06-27 02:07:22
347,,,,gdn,20M,1.0B,64,0.001,3.7731897830963135,3.7799005210399628,tud,2026-06-27 02:11:03
348,,,,gdn,20M,15.0B,64,0.001,3.5816917419433594,3.5613952090865686,tud,2026-06-26 05:46:52
349,,,,gdn,20M,7.5B,64,0.001,3.5097179412841797,3.5941356122493744,tud,2026-06-27 03:00:14
350,,,,gdn,20M,3.0B,64,0.001,3.716916084289551,3.6539348034482253,tud,2026-06-27 02:25:59
351,,,,gdn,20M,0.5B,64,0.004,3.860304355621338,3.843060033886056,tud,2026-06-27 02:09:35
352,,,,gdn,20M,1.0B,64,0.004,3.730884313583374,3.7392452484682988,tud,2026-06-27 02:13:17
353,,,,gdn,20M,15.0B,64,0.004,3.5845258235931396,3.563239629331388,tud,2026-06-26 05:51:07
354,,,,gdn,20M,7.5B,64,0.004,3.5055959224700928,3.5909534096717834,tud,2026-06-27 03:01:19
355,,,,gdn,20M,3.0B,64,0.004,3.7087602615356445,3.643456766479894,tud,2026-06-27 02:27:27
356,,,,gdn,150M,15.0B,64,0.004,2.9859776496887207,3.129725406044408,tud,2026-07-01 06:01:22
357,,,,gdn,150M,15.0B,64,0.00025,2.98547625541687,3.1275177001953125,tud,2026-07-01 05:56:25
358,,,,gdn,150M,0.5B,64,0.00025,4.080833911895752,3.9135822496916117,tud,2026-07-01 10:52:43
359,,,,gdn,150M,15.0B,64,0.0005,2.9702441692352295,3.1081229762027136,tud,2026-07-01 06:10:17
360,,,,gdn,150M,15.0B,64,0.002,2.965245008468628,3.107870804636102,tud,2026-07-01 05:53:15
361,,,,gdn,150M,15.0B,64,0.008,3.0190317630767822,3.1632734599866366,tud,2026-07-01 06:03:26
362,,,,gdn,150M,15.0B,64,0.001,2.956533670425415,3.103231530440481,tud,2026-07-01 05:57:01
363,,,,gdn,50M,3.0B,64,0.001,3.464846611022949,3.3963176921794287,tud,2026-06-27 02:41:28
364,,,,gdn,50M,15.0B,64,0.001,3.2951107025146484,3.27376883908322,tud,2026-06-26 10:17:44
365,,,,gdn,50M,1.0B,64,0.001,3.541057586669922,3.5521693715923712,tud,2026-06-27 02:19:04
366,,,,gdn,50M,0.5B,64,0.001,3.761580467224121,3.735541139778338,tud,2026-06-27 02:13:35
367,,,,gdn,50M,7.5B,64,0.001,3.218467950820923,3.3166756316235193,tud,2026-06-27 03:30:19
368,,,,gdn,50M,3.0B,64,0.004,3.4672441482543945,3.395854048038784,tud,2026-06-27 02:42:46
369,,,,gdn,50M,15.0B,64,0.004,3.313826322555542,3.287830716685245,tud,2026-06-26 10:11:51
370,,,,gdn,50M,1.0B,64,0.004,3.504534959793091,3.520655268117001,tud,2026-06-27 02:20:14
371,,,,gdn,50M,0.5B,64,0.004,3.668944835662842,3.650328937329744,tud,2026-06-27 02:14:40
372,,,,gdn,50M,7.5B,64,0.004,3.232828378677368,3.3263400526423204,tud,2026-06-27 03:31:19
373,,,,gdn,50M,3.0B,64,0.002,3.4543955326080322,3.390885293483734,tud,2026-06-27 02:41:21
374,,,,gdn,50M,15.0B,64,0.002,3.295958995819092,3.2758211838571647,tud,2026-06-26 10:12:27
375,,,,gdn,50M,1.0B,64,0.002,3.515425682067871,3.52753031881232,tud,2026-06-27 02:20:00
376,,,,gdn,50M,0.5B,64,0.002,3.7011337280273438,3.6769362923346067,tud,2026-06-27 02:14:33
377,,,,gdn,50M,7.5B,64,0.002,3.2202346324920654,3.315794365970712,tud,2026-06-27 03:30:45
378,,,,gdn,50M,3.0B,64,0.00025,3.539625406265259,3.4720146922688735,tud,2026-06-27 02:39:48
379,,,,gdn,50M,15.0B,64,0.00025,3.3226382732391357,3.3033738528427325,tud,2026-06-26 10:08:15
380,,,,gdn,50M,1.0B,64,0.00025,3.7332253456115723,3.742271286876578,tud,2026-06-27 02:17:52
381,,,,gdn,50M,0.5B,64,0.00025,4.157406330108643,4.123045795842221,tud,2026-06-27 02:12:26
382,,,,gdn,50M,7.5B,64,0.00025,3.267184019088745,3.3586639212934593,tud,2026-06-27 03:29:19
383,,,,gdn,50M,3.0B,64,0.008,3.4818828105926514,3.4160504529350684,tud,2026-06-27 02:42:52
384,,,,gdn,50M,15.0B,64,0.008,3.3391034603118896,3.312822771699805,tud,2026-06-26 10:16:17
385,,,,gdn,50M,1.0B,64,0.008,3.518467903137207,3.5336525110821975,tud,2026-06-27 02:20:57
386,,,,gdn,50M,0.5B,64,0.008,3.669585943222046,3.650478381859629,tud,2026-06-27 02:15:39
387,,,,gdn,50M,7.5B,64,0.008,3.2570688724517822,3.3500137501641323,tud,2026-06-27 03:32:28
388,,,,gdn,50M,3.0B,64,0.0005,3.4882888793945312,3.422128815399973,tud,2026-06-27 02:40:38
389,,,,gdn,50M,15.0B,64,0.0005,3.3069612979888916,3.2842487410495154,tud,2026-06-26 10:09:54
390,,,,gdn,50M,1.0B,64,0.0005,3.605113983154297,3.6172912073762795,tud,2026-06-27 02:18:31
391,,,,gdn,50M,0.5B,64,0.0005,3.8997092247009277,3.870920142060832,tud,2026-06-27 02:12:59
392,,,,gdn,50M,7.5B,64,0.0005,3.2389800548553467,3.331839820272044,tud,2026-06-27 03:29:56
393,,,,gdn+attn_1-1,300M,1.0B,16,0.00025,3.3303184509277344,3.287578191131842,tud,2026-07-01 11:52:54
394,,,,gdn+attn_1-1,300M,1.0B,16,0.0005,3.3100192546844482,3.2704431838676578,tud,2026-07-01 11:53:58
395,,,,gdn+attn_1-1,300M,1.0B,16,0.008,3.488502025604248,3.4422209638064025,tud,2026-07-01 11:54:54
396,,,,gdn+attn_1-1,300M,1.0B,16,0.002,3.327928304672241,3.2894544429466372,tud,2026-07-01 11:54:37
397,,,,gdn+attn_1-1,300M,1.0B,16,0.001,3.314159870147705,3.273278923503688,tud,2026-07-01 11:54:27
398,,,,gdn+attn_1-1,300M,1.0B,16,0.004,3.391624927520752,3.3504063926759313,tud,2026-07-01 11:54:17
399,,,,gdn+attn_1-1,150M,1.0B,16,0.001,3.456744432449341,3.410061865165585,tud,2026-07-01 10:20:21
400,,,,gdn+attn_1-1,150M,1.0B,16,0.00025,3.492091655731201,3.445364587033381,tud,2026-07-01 10:16:41
401,,,,gdn+attn_1-1,150M,1.0B,16,0.004,3.5137133598327637,3.465992775119719,tud,2026-07-01 10:21:39
402,,,,gdn+attn_1-1,150M,1.0B,16,0.002,3.468489646911621,3.4250592646051627,tud,2026-07-01 10:20:45
403,,,,gdn+attn_1-1,150M,1.0B,16,0.008,3.583347797393799,3.540392426975438,tud,2026-07-01 10:22:49
404,,,,gdn+attn_1-1,150M,1.0B,16,0.0005,3.462602376937866,3.417131948471069,tud,2026-07-01 10:19:47
405,,,,attn,20M,7.5B,64,0.001,3.4599337577819824,3.5569122668943907,tud,2026-06-27 02:39:38
406,,,,attn,20M,0.5B,64,0.001,3.867074966430664,3.872989287501887,tud,2026-06-27 01:45:41
407,,,,attn,20M,15.0B,64,0.001,3.5599539279937744,3.5282145252353265,tud,2026-06-26 05:53:19
408,,,,attn,20M,3.0B,64,0.001,3.6798014640808105,3.6119279124234853,tud,2026-06-27 02:05:22
409,,,,attn,20M,1.0B,64,0.001,3.7214505672454834,3.7285792890347933,tud,2026-06-27 01:49:29
410,,,,attn,20M,7.5B,64,0.00025,3.5046095848083496,3.5949673574221763,tud,2026-06-27 02:38:58
411,,,,attn,20M,0.5B,64,0.00025,4.247199535369873,4.256738298817685,tud,2026-06-27 01:45:49
412,,,,attn,20M,15.0B,64,0.00025,3.584033489227295,3.5526465883380487,tud,2026-06-26 05:51:02
413,,,,attn,20M,3.0B,64,0.00025,3.749685049057007,3.683870881795883,tud,2026-06-27 02:04:44
414,,,,attn,20M,1.0B,64,0.00025,3.8958017826080322,3.9078397970450554,tud,2026-06-27 01:49:26
415,,,,attn,20M,7.5B,64,0.004,3.4673874378204346,3.561249067908839,tud,2026-06-27 02:40:27
416,,,,attn,20M,0.5B,64,0.004,3.792172431945801,3.8019906000087134,tud,2026-06-27 01:46:12
417,,,,attn,20M,15.0B,64,0.004,3.562584400177002,3.5355095047699776,tud,2026-06-26 05:53:02
418,,,,attn,20M,3.0B,64,0.004,3.6800315380096436,3.6089045374017013,tud,2026-06-27 02:06:07
419,,,,attn,20M,1.0B,64,0.004,3.6919121742248535,3.6999549708868327,tud,2026-06-27 01:50:36
420,,,,attn,20M,7.5B,64,0.002,3.4677562713623047,3.555197017757516,tud,2026-06-27 02:39:07
421,,,,attn,20M,0.5B,64,0.002,3.8173866271972656,3.8246601710194037,tud,2026-06-27 01:46:08
422,,,,attn,20M,15.0B,64,0.002,3.555633068084717,3.528198268852736,tud,2026-06-26 05:54:38
423,,,,attn,20M,3.0B,64,0.002,3.6767377853393555,3.606925539280239,tud,2026-06-27 02:05:51
424,,,,attn,20M,1.0B,64,0.002,3.7000722885131836,3.707997704807081,tud,2026-06-27 01:50:01
425,,,,attn,20M,7.5B,64,0.008,3.48359751701355,3.57800009689833,tud,2026-06-27 02:43:02
426,,,,attn,20M,0.5B,64,0.008,3.7939929962158203,3.8032103510279405,tud,2026-06-27 01:47:23
427,,,,attn,20M,15.0B,64,0.008,3.582409143447876,3.552029256757937,tud,2026-06-26 05:55:17
428,,,,attn,20M,3.0B,64,0.008,3.696178674697876,3.6240471852453133,tud,2026-06-27 02:07:32
429,,,,attn,20M,1.0B,64,0.008,3.709901809692383,3.712670828166761,tud,2026-06-27 01:51:59
431,,,,attn,20M,0.5B,64,0.0005,3.9811151027679443,3.993717841411892,tud,2026-06-27 01:45:40
432,,,,attn,20M,15.0B,64,0.0005,3.563460350036621,3.537185107406817,tud,2026-06-26 05:50:36
433,,,,attn,20M,3.0B,64,0.0005,3.701284885406494,3.6352387901983763,tud,2026-06-27 02:04:39
434,,,,attn,20M,1.0B,64,0.0005,3.779094696044922,3.786126053646991,tud,2026-06-27 01:49:28
435,,,,attn,50M,1.0B,64,0.001,3.484065055847168,3.495979329473094,tud,2026-06-27 02:05:10
436,,,,attn,50M,15.0B,64,0.001,3.264775514602661,3.2368700755269906,tud,2026-06-26 13:14:34
437,,,,attn,50M,0.5B,64,0.001,3.6555538177490234,3.658499000888122,tud,2026-06-27 01:58:25
438,,,,attn,50M,3.0B,64,0.001,3.4198203086853027,3.350176497509605,tud,2026-06-27 02:31:48
439,,,,attn,50M,7.5B,64,0.001,3.1728568077087402,3.276165397543656,tud,2026-06-27 03:32:34
440,,,,attn,50M,1.0B,64,0.0005,3.5329325199127197,3.5440980211684576,tud,2026-06-27 02:02:11
441,,,,attn,50M,15.0B,64,0.0005,3.2691996097564697,3.241871425980016,tud,2026-06-26 13:15:39
442,,,,attn,50M,0.5B,64,0.0005,3.7461369037628174,3.754537168302034,tud,2026-06-27 01:54:53
443,,,,attn,50M,3.0B,64,0.0005,3.440722703933716,3.369201084500865,tud,2026-06-27 02:29:23
444,,,,attn,50M,7.5B,64,0.0005,3.184753179550171,3.2854265743180324,tud,2026-06-27 03:30:06
445,,,,attn,50M,1.0B,64,0.008,3.4932003021240234,3.504777668338073,tud,2026-06-27 02:08:49
446,,,,attn,50M,15.0B,64,0.008,3.3160572052001953,3.2856903295767936,tud,2026-06-26 13:15:57
447,,,,attn,50M,0.5B,64,0.008,3.6117780208587646,3.6195151915675714,tud,2026-06-27 02:01:57
448,,,,attn,50M,3.0B,64,0.008,3.462186336517334,3.3880738176797567,tud,2026-06-27 02:36:11
449,,,,attn,50M,7.5B,64,0.008,3.221376419067383,3.3230164411820864,tud,2026-06-27 03:37:56
450,,,,attn,50M,1.0B,64,0.002,3.4699602127075195,3.4801421275264337,tud,2026-06-27 02:06:30
451,,,,attn,50M,15.0B,64,0.002,3.2716875076293945,3.242832114821986,tud,2026-06-26 13:15:34
452,,,,attn,50M,0.5B,64,0.002,3.6122422218322754,3.6172703269280886,tud,2026-06-27 01:59:50
453,,,,attn,50M,3.0B,64,0.002,3.422633409500122,3.3494478338643123,tud,2026-06-27 02:33:18
454,,,,attn,50M,7.5B,64,0.002,3.1772890090942383,3.2802600092009495,tud,2026-06-27 03:33:18
455,,,,attn,50M,1.0B,64,0.00025,3.639758825302124,3.6534528951895866,tud,2026-06-27 02:00:07
456,,,,attn,50M,15.0B,64,0.00025,3.289787769317627,3.2586421229337392,tud,2026-06-26 13:09:55
457,,,,attn,50M,0.5B,64,0.00025,3.961785316467285,3.9706483153920424,tud,2026-06-27 01:53:18
458,,,,attn,50M,3.0B,64,0.00025,3.487344264984131,3.4139019564578406,tud,2026-06-27 02:29:04
459,,,,attn,50M,7.5B,64,0.00025,3.2123215198516846,3.3099472867815116,tud,2026-06-27 03:28:42
460,,,,attn,50M,1.0B,64,0.004,3.468963146209717,3.4796715912066007,tud,2026-06-27 02:07:17
461,,,,attn,50M,15.0B,64,0.004,3.284916639328003,3.2579901892887917,tud,2026-06-26 13:13:32
463,,,,attn,50M,3.0B,64,0.004,3.431199550628662,3.3593681329175045,tud,2026-06-27 02:34:20
464,,,,attn,50M,7.5B,64,0.004,3.1943817138671875,3.2938236813796196,tud,2026-06-27 03:34:27
465,,,,gdn+attn_3-1,20M,1.0B,32,0.008,3.6103129386901855,3.706779498741275,tud,2026-06-28 17:11:42
466,,,,gdn+attn_3-1,20M,3.0B,32,0.008,3.643754482269287,3.6246748627209273,tud,2026-06-27 05:41:14
467,,,,gdn+attn_3-1,20M,0.5B,32,0.008,3.8701300621032715,3.781620122565598,tud,2026-06-28 17:05:05
468,,,,gdn+attn_3-1,20M,1.0B,32,0.002,3.579103946685791,3.675326413795596,tud,2026-06-28 17:11:46
469,,,,gdn+attn_3-1,20M,3.0B,32,0.002,3.604396104812622,3.586691868109781,tud,2026-06-27 05:41:34
470,,,,gdn+attn_3-1,20M,0.5B,32,0.002,3.8606417179107666,3.7651162514921093,tud,2026-06-28 17:04:54
471,,,,gdn+attn_3-1,20M,1.0B,32,0.0005,3.6176750659942627,3.7176748697874977,tud,2026-06-28 17:11:59
472,,,,gdn+attn_3-1,20M,3.0B,32,0.0005,3.6194908618927,3.6001864230046507,tud,2026-06-27 05:41:36
473,,,,gdn+attn_3-1,20M,0.5B,32,0.0005,3.946755886077881,3.852055415950838,tud,2026-06-28 17:04:56
475,,,,gdn+attn_3-1,20M,3.0B,32,0.004,3.615852117538452,3.59529140191,tud,2026-06-27 05:40:21
476,,,,gdn+attn_3-1,20M,0.5B,32,0.004,3.8567261695861816,3.7629420741659696,tud,2026-06-28 17:05:14
477,,,,gdn+attn_3-1,20M,1.0B,32,0.00025,3.69279408454895,3.7898431121325884,tud,2026-06-28 17:11:47
478,,,,gdn+attn_3-1,20M,3.0B,32,0.00025,3.6486635208129883,3.6285034398563574,tud,2026-06-27 05:41:18
479,,,,gdn+attn_3-1,20M,0.5B,32,0.00025,4.093775272369385,3.9922786384332376,tud,2026-06-28 17:04:59
480,,,,gdn+attn_3-1,20M,1.0B,32,0.001,3.590763568878174,3.684729301734049,tud,2026-06-28 17:11:49
481,,,,gdn+attn_3-1,20M,3.0B,32,0.001,3.6117031574249268,3.58591757680549,tud,2026-06-27 05:40:49
482,,,,gdn+attn_3-1,20M,0.5B,32,0.001,3.882110357284546,3.7893911963603535,tud,2026-06-28 17:04:57
483,,,,gdn+attn_3-1,20M,1.0B,16,0.008,3.799840211868286,3.7527130509986253,tud,2026-06-27 03:31:14
484,,,,gdn+attn_3-1,20M,0.5B,16,0.008,3.9057555198669434,3.821116151184332,tud,2026-06-28 17:04:48
485,,,,gdn+attn_3-1,20M,1.0B,16,0.002,3.7372002601623535,3.6888410146119166,tud,2026-06-27 03:25:03
486,,,,gdn+attn_3-1,20M,0.5B,16,0.002,3.8639938831329346,3.7685848243900986,tud,2026-06-28 17:04:44
487,,,,gdn+attn_3-1,20M,1.0B,16,0.0005,3.750717878341675,3.6976915140621,tud,2026-06-27 03:24:27
488,,,,gdn+attn_3-1,20M,0.5B,16,0.0005,3.8916220664978027,3.801085726941218,tud,2026-06-28 18:44:14
489,,,,gdn+attn_3-1,20M,1.0B,16,0.004,3.7526309490203857,3.705891373118416,tud,2026-06-27 03:31:37
490,,,,gdn+attn_3-1,20M,0.5B,16,0.004,3.8745346069335938,3.782434461155876,tud,2026-06-28 17:04:46
491,,,,gdn+attn_3-1,20M,1.0B,16,0.00025,3.7947752475738525,3.7447341184147067,tud,2026-06-27 03:46:16
492,,,,gdn+attn_3-1,20M,0.5B,16,0.00025,3.97733736038208,3.882527461599131,tud,2026-06-28 17:06:11
493,,,,gdn+attn_3-1,20M,1.0B,16,0.001,3.7373077869415283,3.6862820742560216,tud,2026-06-27 03:25:08
494,,,,gdn+attn_3-1,20M,0.5B,16,0.001,3.8660378456115723,3.7712791927525253,tud,2026-06-28 18:43:30
495,,,,gdn+attn_3-1,150M,1.0B,16,0.001,3.4507758617401123,3.4100932277616907,tud,2026-06-28 18:36:14
496,,,,gdn+attn_3-1,150M,0.5B,16,0.001,3.617469072341919,3.5210951625323688,tud,2026-06-30 17:33:44
497,,,,gdn+attn_3-1,150M,1.0B,16,0.0005,3.4606854915618896,3.4172803167436943,tud,2026-06-28 18:32:34
498,,,,gdn+attn_3-1,150M,0.5B,16,0.0005,3.6399714946746826,3.5398933277755487,tud,2026-06-30 17:26:06
499,,,,gdn+attn_3-1,150M,1.0B,16,0.008,3.5779013633728027,3.5369076853892842,tud,2026-06-28 18:40:10
500,,,,gdn+attn_3-1,150M,0.5B,16,0.008,3.714210271835327,3.6202265215701743,tud,2026-06-30 17:23:06
501,,,,gdn+attn_3-1,150M,1.0B,16,0.002,3.4668493270874023,3.4257875692648967,tud,2026-06-28 18:39:48
502,,,,gdn+attn_3-1,150M,0.5B,16,0.002,3.6236088275909424,3.5247965570356024,tud,2026-06-30 17:26:09
503,,,,gdn+attn_3-1,150M,1.0B,16,0.00025,3.492861032485962,3.447101109145118,tud,2026-06-28 18:30:24
504,,,,gdn+attn_3-1,150M,0.5B,16,0.00025,3.697389841079712,3.6006693980732902,tud,2026-06-30 17:33:34
505,,,,gdn+attn_3-1,150M,1.0B,16,0.004,3.503359317779541,3.461882167566018,tud,2026-06-28 18:40:00
507,,,,gdn+attn_3-1,150M,1.0B,32,0.001,3.30277156829834,3.3576928001935364,tud,2026-06-30 17:46:46
508,,,,gdn+attn_3-1,150M,0.5B,32,0.001,3.563977003097534,3.487996398034643,tud,2026-06-30 17:36:44
509,,,,gdn+attn_3-1,150M,3.0B,32,0.001,3.241607904434204,3.221062610970169,tud,2026-06-28 21:29:01
510,,,,gdn+attn_3-1,150M,1.0B,32,0.0005,3.280273914337158,3.3790221222111434,tud,2026-06-30 17:31:14
511,,,,gdn+attn_3-1,150M,0.5B,32,0.0005,3.6296839714050293,3.5317815655567606,tud,2026-06-30 17:24:28
512,,,,gdn+attn_3-1,150M,3.0B,32,0.0005,3.2500951290130615,3.2267829246208315,tud,2026-06-28 21:27:38
513,,,,gdn+attn_3-1,150M,1.0B,32,0.008,3.367072582244873,3.4131811263131313,tud,2026-06-30 17:39:17
514,,,,gdn+attn_3-1,150M,0.5B,32,0.008,3.5936527252197266,3.506064366512611,tud,2026-06-30 17:27:19
515,,,,gdn+attn_3-1,150M,3.0B,32,0.008,3.3263378143310547,3.305312827376069,tud,2026-06-28 21:30:29
516,,,,gdn+attn_3-1,150M,1.0B,32,0.002,3.2924625873565674,3.354792026222729,tud,2026-06-30 17:39:23
517,,,,gdn+attn_3-1,150M,0.5B,32,0.002,3.552088975906372,3.4701406600045375,tud,2026-06-30 17:27:21
518,,,,gdn+attn_3-1,150M,3.0B,32,0.002,3.257175922393799,3.2328201872403506,tud,2026-06-28 21:28:24
519,,,,gdn+attn_3-1,150M,1.0B,32,0.00025,3.338406562805176,3.438523295668305,tud,2026-06-30 17:31:22
520,,,,gdn+attn_3-1,150M,0.5B,32,0.00025,3.716726779937744,3.635254291628228,tud,2026-06-30 17:36:57
521,,,,gdn+attn_3-1,150M,3.0B,32,0.00025,3.273981809616089,3.251151249056957,tud,2026-06-28 21:30:20
522,,,,gdn+attn_3-1,150M,1.0B,32,0.004,3.321918249130249,3.3716644947646093,tud,2026-06-30 17:39:26
523,,,,gdn+attn_3-1,150M,0.5B,32,0.004,3.5705535411834717,3.4748563168478794,tud,2026-06-30 17:36:56
525,,,,gdn+attn_3-1,50M,0.5B,16,0.008,3.7425765991210938,3.6522086245114687,tud,2026-06-28 17:08:59
526,,,,gdn+attn_3-1,50M,1.0B,16,0.008,3.620495080947876,3.5697738123721763,tud,2026-06-27 04:03:45
527,,,,gdn+attn_3-1,50M,0.5B,16,0.001,3.6638147830963135,3.566043673968706,tud,2026-06-28 17:08:55
528,,,,gdn+attn_3-1,50M,1.0B,16,0.001,3.504237174987793,3.458423927963757,tud,2026-06-27 04:04:27
530,,,,gdn+attn_3-1,50M,1.0B,16,0.0005,3.5105104446411133,3.4653239781739282,tud,2026-06-27 04:03:43
532,,,,gdn+attn_3-1,50M,1.0B,16,0.004,3.552008867263794,3.5078794659161177,tud,2026-06-27 04:04:01
534,,,,gdn+attn_3-1,50M,1.0B,16,0.00025,3.5437843799591064,3.5017246559017994,tud,2026-06-27 04:04:51
535,,,,gdn+attn_3-1,50M,0.5B,16,0.002,3.6618587970733643,3.5645657938034807,tud,2026-06-28 17:08:53
536,,,,gdn+attn_3-1,50M,1.0B,16,0.002,3.509105682373047,3.467954981913332,tud,2026-06-27 04:03:59
537,,,,gdn+attn_3-1,50M,0.5B,32,0.008,3.6835172176361084,3.5902048345471993,tud,2026-06-28 17:09:22
538,,,,gdn+attn_3-1,50M,1.0B,32,0.008,3.402040719985962,3.4996317347542183,tud,2026-06-28 17:19:52
539,,,,gdn+attn_3-1,50M,3.0B,32,0.008,3.430744171142578,3.397043710458474,tud,2026-06-27 07:34:36
540,,,,gdn+attn_3-1,50M,0.5B,32,0.001,3.6678929328918457,3.574947265718804,tud,2026-06-28 17:09:45
541,,,,gdn+attn_3-1,50M,1.0B,32,0.001,3.35408091545105,3.450601053237915,tud,2026-06-28 20:22:12
542,,,,gdn+attn_3-1,50M,3.0B,32,0.001,3.35252046585083,3.3247207438359494,tud,2026-06-27 07:37:01
543,,,,gdn+attn_3-1,50M,0.5B,32,0.0005,3.7216410636901855,3.6318364729646775,tud,2026-06-28 17:09:12
544,,,,gdn+attn_3-1,50M,1.0B,32,0.0005,3.3848371505737305,3.4795394819290912,tud,2026-06-28 17:20:16
545,,,,gdn+attn_3-1,50M,3.0B,32,0.0005,3.3541738986968994,3.3328558202649727,tud,2026-06-27 07:37:05
546,,,,gdn+attn_3-1,50M,0.5B,32,0.004,3.660825490951538,3.562532045020432,tud,2026-06-28 17:09:17
547,,,,gdn+attn_3-1,50M,1.0B,32,0.004,3.365225315093994,3.463354714972074,tud,2026-06-28 17:20:08
548,,,,gdn+attn_3-1,50M,3.0B,32,0.004,3.3815104961395264,3.353619301123697,tud,2026-06-27 07:35:24
550,,,,gdn+attn_3-1,50M,1.0B,32,0.00025,3.44551420211792,3.543264467989812,tud,2026-06-28 17:19:33
551,,,,gdn+attn_3-1,50M,3.0B,32,0.00025,3.383308172225952,3.3600786787564636,tud,2026-06-27 07:34:39
552,,,,gdn+attn_3-1,50M,0.5B,32,0.002,3.652539014816284,3.557721357658261,tud,2026-06-28 17:09:14
553,,,,gdn+attn_3-1,50M,1.0B,32,0.002,3.3503291606903076,3.446663926859371,tud,2026-06-28 17:19:44
554,,,,gdn+attn_3-1,50M,3.0B,32,0.002,3.3543283939361572,3.3308288378793685,tud,2026-06-27 07:34:55
555,,,,gdn+attn_3-1,300M,0.5B,16,0.008,3.621819257736206,3.534076174751657,tud,2026-06-30 17:44:31
556,,,,gdn+attn_3-1,300M,1.0B,16,0.008,3.4974570274353027,3.4472597614663547,tud,2026-06-28 20:10:37
557,,,,gdn+attn_3-1,300M,0.5B,16,0.001,3.4768364429473877,3.4056520774716237,tud,2026-06-30 17:38:45
558,,,,gdn+attn_3-1,300M,1.0B,16,0.001,3.322883367538452,3.2785977426122446,tud,2026-06-28 20:08:51
559,,,,gdn+attn_3-1,300M,0.5B,16,0.0005,3.482823133468628,3.410621612189246,tud,2026-06-30 17:37:25
560,,,,gdn+attn_3-1,300M,1.0B,16,0.0005,3.312803030014038,3.272711815599535,tud,2026-06-28 20:05:33
561,,,,gdn+attn_3-1,300M,0.5B,16,0.004,3.531554937362671,3.4462915799656852,tud,2026-06-30 17:44:20
562,,,,gdn+attn_3-1,300M,1.0B,16,0.004,3.385077714920044,3.346882125197864,tud,2026-06-28 20:09:21
564,,,,gdn+attn_3-1,300M,1.0B,16,0.00025,3.3333723545074463,3.2920535220474494,tud,2026-06-28 20:04:40
565,,,,gdn+attn_3-1,300M,0.5B,16,0.002,3.4894418716430664,3.4132202015548456,tud,2026-06-30 17:43:44
566,,,,gdn+attn_3-1,300M,1.0B,16,0.002,3.343733310699463,3.2982304432353033,tud,2026-06-28 20:08:37
567,,,,gdn+attn_3-1,300M,0.5B,32,0.008,3.4939630031585693,3.410993054655732,tud,2026-06-30 17:39:18
568,,,,gdn+attn_3-1,300M,1.0B,32,0.008,3.2593014240264893,3.3065388828027444,tud,2026-06-30 17:54:37
569,,,,gdn+attn_3-1,300M,3.0B,32,0.008,3.2194416522979736,3.1975003805316864,tud,2026-06-29 02:28:04
570,,,,gdn+attn_3-1,300M,0.5B,32,0.001,3.4284603595733643,3.3593838187514757,tud,2026-06-30 17:38:40
571,,,,gdn+attn_3-1,300M,1.0B,32,0.001,3.177839756011963,3.2160555569851983,tud,2026-06-30 17:53:32
572,,,,gdn+attn_3-1,300M,3.0B,32,0.001,3.0876410007476807,3.060559042164537,tud,2026-06-29 02:21:29
574,,,,gdn+attn_3-1,300M,1.0B,32,0.0005,3.186957836151123,3.2340570402927087,tud,2026-06-30 17:52:58
575,,,,gdn+attn_3-1,300M,3.0B,32,0.0005,3.0867393016815186,3.0595448923892663,tud,2026-06-29 01:38:50
577,,,,gdn+attn_3-1,300M,1.0B,32,0.004,3.1964659690856934,3.247768436103571,tud,2026-06-30 17:54:35
578,,,,gdn+attn_3-1,300M,3.0B,32,0.004,3.14162015914917,3.117623347923404,tud,2026-06-29 02:22:58
579,,,,gdn+attn_3-1,300M,0.5B,32,0.00025,3.5420784950256348,3.4716406149942367,tud,2026-06-30 17:44:17
580,,,,gdn+attn_3-1,300M,1.0B,32,0.00025,3.226940155029297,3.2788043784313516,tud,2026-06-30 18:01:52
581,,,,gdn+attn_3-1,300M,3.0B,32,0.00025,3.103008270263672,3.0762339701418018,tud,2026-06-29 01:39:03
583,,,,gdn+attn_3-1,300M,1.0B,32,0.002,3.181736707687378,3.2259094949628486,tud,2026-06-30 17:53:52
584,,,,gdn+attn_3-1,300M,3.0B,32,0.002,3.102928400039673,3.0785386882844517,tud,2026-06-29 02:23:57
